story_id,original_config_name,test_type,genre,structure,temperature,seed,is_baseline,distinct_avg,diversity_group_score,alpha_genre,alpha_value,distinct_score,self_bleu_group,one_minus_self_bleu,avg_semantic_continuity,semantic_continuity_sentence_count,semantic_continuity_std,low_continuity_points,high_continuity_segments,semantic_continuity_median,semantic_continuity_max,semantic_continuity_min,pseudo_ppl,err_per_100w,error_count,fluency_word_count,correlation_coefficient,direction_consistency,classification_agreement,roberta_avg_score,reagan_classification,chapter_count,major_disagreements,roberta_std,labmt_std,emotion_correlation,roberta_scores_str,labmt_scores_str,tp_coverage,tp_m,tp_n,tp_completion_rate,li_function_diversity,total_events,total_words,total_sentences,wall_time_sec,peak_mem_mb,tokens_total,cost_usd,diversity_score_seed
sciencefiction_nonlinear_T0.9_s3,thelittleredridinghood_sciencefictionrewrite_nonlinear_T0.9_s3,regression,sciencefiction,nonlinear,0.9,3,0,0.6508979353979354,0.0573023997510586,0.6,0.6,0.2102721051049234,0.1016856507679947,0.8983143492320053,0.3413,392.0,0.1865329663074308,56.0,21.0,0.3213619887828827,0.930306077003479,-0.0971426144242286,2.660314243520548,0.4471858134155744,29.0,6294.0,0.3229,0.3229,False,-0.3554539732138316,Cinderella,5.0,4.0,0.2049212199846565,0.0295006033836597,0.3229485579974679,"-0.4442,-0.1797,-0.6485,-0.0734,-0.4314","0.1151,0.1733,0.1115,0.1274,0.1808",5/5,5.0,5.0,1.0,8.0,53.0,6515.0,385.0,424.70657992362976,40.828125,58295.0,0.87005,0.7330314353096097
sciencefiction_linear_T0.9_s2,thelittleredridinghood_sciencefictionrewrite_linear_T0.9_s2,regression,sciencefiction,linear,0.9,2,0,0.6595188739831598,0.6397821143386578,0.6,0.6,0.3995030593501035,0.1018731357485578,0.8981268642514422,0.3359,458.0,0.1698858552947246,72.0,26.0,0.3276967108249664,0.863666296005249,-0.0379738435149192,2.9910890462531725,0.7913090128755365,59.0,7245.0,0.7187,0.7187,False,-0.1977277593159334,Icarus,8.0,4.0,0.2979963118479824,0.0381898546737219,0.7188147372396246,"0.3765,-0.2149,-0.1189,-0.0699,-0.4453,-0.01,-0.6321,-0.4672","0.2165,0.1997,0.1395,0.188,0.1809,0.2343,0.1243,0.1324",5/5,5.0,5.0,1.0,9.0,47.0,7484.0,451.0,487.34513211250305,42.8125,66613.0,1.0281100000000003,0.7307431140681697
sciencefiction_nonlinear_T0.9_s2,thelittleredridinghood_sciencefictionrewrite_nonlinear_T0.9_s2,regression,sciencefiction,nonlinear,0.9,2,0,0.6563775866990152,0.0573023997510586,0.6,0.6,0.3305513107138559,0.1333572250233371,0.8666427749766629,0.3705,413.0,0.1651682065439011,57.0,18.0,0.3551362603902817,0.8689050674438477,-0.0285634286701679,2.6999703977423084,0.245331879514788,18.0,7084.0,0.5415,0.5415,False,0.0305318128494989,Oedipus,7.0,2.0,0.2807035279654405,0.0522060126336233,0.5418679760077875,"0.5761,0.0494,-0.4533,0.0542,-0.0549,-0.0545,0.0967","0.1542,0.1288,0.0445,0.2127,0.1913,0.1046,0.1626",5/5,5.0,5.0,1.0,8.0,56.0,7366.0,403.0,444.91713404655457,80.25,67471.0,1.0119299999999996,0.710430712856087
sciencefiction_linear_T0.9_s3,thelittleredridinghood_sciencefictionrewrite_linear_T0.9_s3,regression,sciencefiction,linear,0.9,3,0,0.6590618131868131,0.6397821143386578,0.6,0.6,0.3894705031747263,0.0989473386229329,0.9010526613770672,0.3968,347.0,0.1719452029718328,57.0,28.0,0.3895500600337982,0.8660053014755249,0.0091946776956319,2.5008221883856296,0.1071811361200428,7.0,6279.0,0.5423,0.5423,False,-0.0263875700952686,Man in a hole,7.0,2.0,0.2234397677136242,0.0620182428723967,0.5420061957419386,"-0.2121,-0.4059,0.0576,-0.1486,0.0686,0.1548,0.3009","0.1938,0.0598,0.0987,0.0214,0.1286,0.151,0.2017",5/5,5.0,5.0,1.0,8.0,77.0,6552.0,344.0,398.3604409694672,61.15625,45913.0,0.7390100000000002,0.7326118124781782
sciencefiction_nonlinear_T0.7_s2,thelittleredridinghood_sciencefictionrewrite_nonlinear_T0.7_s2,regression,sciencefiction,nonlinear,0.7,2,0,0.6733632367632368,0.8206709584562817,0.6,0.6,0.7033889940301785,0.0125271479320445,0.9874728520679554,0.3794,158.0,0.1716221048694848,27.0,13.0,0.3922844529151916,0.83234703540802,-0.0287213325500488,2.4722991539256904,0.2398081534772182,7.0,2843.0,0.0074,0.0074,False,-0.014202529650468,Cinderella,6.0,2.0,0.2473884978912497,0.0641911403544134,0.0074895389257198,"-0.3353,0.0788,0.3234,-0.0448,0.2086,-0.3157","0.1912,0.1615,0.2757,0.1588,0.0567,0.1782",5/5,5.0,5.0,1.0,8.0,20.0,2928.0,155.0,217.5330991744995,80.203125,32585.0,0.51925,0.8250206047408237
sciencefiction_nonlinear_T0.3_s3,thelittleredridinghood_sciencefictionrewrite_nonlinear_T0.3_s3,regression,sciencefiction,nonlinear,0.3,3,0,0.6539012237762237,0.5870579247744794,0.6,0.6,0.2761947561108138,0.0651817391110232,0.9348182608889768,0.3744,248.0,0.1762147650256639,37.0,14.0,0.378149539232254,0.8822891712188721,0.0091475788503885,2.5424727312480746,0.2318034306907742,10.0,4228.0,0.48,0.48,False,-0.1711908872922261,Man in a hole,5.0,3.0,0.214873134663224,0.0522289038751532,0.4797916361302742,"-0.3144,-0.2778,-0.0514,-0.403,0.1906","0.0986,0.1151,0.1679,0.006,0.0956",5/5,5.0,5.0,1.0,9.0,50.0,4337.0,243.0,310.34806180000305,84.8125,44484.0,0.7022199999999998,0.7706124055644854
sciencefiction_linear_T0.3_s2,thelittleredridinghood_sciencefictionrewrite_linear_T0.3_s2,regression,sciencefiction,linear,0.3,2,0,0.6626661338661339,0.5668757902724872,0.6,0.6,0.4685859074675363,0.08458315729295,0.91541684270705,0.3578,324.0,0.1656110185114035,55.0,23.0,0.3631850481033325,0.819748044013977,-0.0715024173259735,2.7244728907924203,0.2481863306605574,13.0,5118.0,0.3326,0.3326,False,0.0110590403192895,Oedipus,7.0,3.0,0.4150915551823157,0.0356976875715946,0.3322029258075973,"-0.0392,0.2136,-0.651,0.0259,-0.0853,-0.2128,0.8263","0.1875,0.1042,0.1212,0.1757,0.1259,0.1946,0.1915",5/5,5.0,5.0,1.0,9.0,33.0,5285.0,316.0,331.59489727020264,83.671875,43690.0,0.6996399999999999,0.7577685693882608
sciencefiction_linear_T0.7_s3,thelittleredridinghood_sciencefictionrewrite_linear_T0.7_s3,regression,sciencefiction,linear,0.7,3,0,0.6821974900099901,0.7602168782486654,0.6,0.6,0.8973022385569268,0.0611005240194332,0.9388994759805668,0.378,233.0,0.1687937867067419,39.0,15.0,0.3718354701995849,0.8979101181030273,-0.0227651391178369,2.8527149767266904,1.374733349134866,58.0,4086.0,-0.5888,0.5888,False,-0.056664814154307,Oedipus,5.0,1.0,0.193435287370221,0.0322427418188962,-0.5890062381659426,"0.1843,-0.3997,-0.0528,0.0495,-0.0646","0.138,0.1935,0.1621,0.1501,0.227",5/5,5.0,5.0,1.0,9.0,48.0,4241.0,229.0,276.0048608779907,51.25,30528.0,0.49706,0.7811061378104502
sciencefiction_nonlinear_T0.3_s2,thelittleredridinghood_sciencefictionrewrite_nonlinear_T0.3_s2,regression,sciencefiction,nonlinear,0.3,2,0,0.6581517328825021,0.5870579247744794,0.6,0.6,0.369494097737888,0.074472394985347,0.925527605014653,0.3576,391.0,0.1813699900246538,57.0,24.0,0.3495498746633529,0.9043691754341124,-0.0823925733566284,2.8747416972969475,0.4177691129369169,30.0,6986.0,0.3471,0.3471,False,-0.2682599780105409,Cinderella,7.0,5.0,0.296844064059477,0.0634093374956137,0.3470196239949156,"-0.4224,-0.5648,0.3186,-0.4386,-0.3508,-0.453,0.033","0.1062,0.2206,0.2598,0.1725,0.3067,0.1448,0.1874",5/5,5.0,5.0,1.0,5.0,51.0,7211.0,380.0,462.7005498409271,42.4375,59577.0,0.9412500000000004,0.7440294333339291
sciencefiction_nonlinear_T0.7_s3,thelittleredridinghood_sciencefictionrewrite_nonlinear_T0.7_s3,regression,sciencefiction,nonlinear,0.7,3,0,0.6647125097125097,0.8206709584562817,0.6,0.6,0.513504178294529,0.0870709810136519,0.9129290189863482,0.3714,548.0,0.1783896319023206,77.0,35.0,0.3577698171138763,0.9152814745903016,-0.0118347508832812,2.900782123089293,0.113098910137775,11.0,9348.0,0.2952,0.2952,False,-0.3165029748177632,Icarus,7.0,6.0,0.2663214782850199,0.0630543950466093,0.2954188734640585,"0.0806,-0.4928,-0.1615,-0.8067,-0.1781,-0.219,-0.4379","0.1645,0.0443,0.1682,0.1685,0.1274,0.2387,0.0589",5/5,5.0,5.0,1.0,8.0,91.0,9758.0,535.0,528.5497798919678,84.953125,66062.0,1.0393800000000004,0.733018174037853
sciencefiction_linear_T0.7_s2,thelittleredridinghood_sciencefictionrewrite_linear_T0.7_s2,regression,sciencefiction,linear,0.7,2,0,0.661714701964702,0.7602168782486654,0.6,0.6,0.4477018279873906,0.0854737620807341,0.9145262379192658,0.3714,570.0,0.169498286985885,90.0,29.0,0.3608275055885315,0.931361734867096,-0.0403516665101051,2.759148154542961,0.2530364372469635,25.0,9597.0,0.7048,0.7048,False,0.0503159619513012,Oedipus,7.0,3.0,0.3112597386395471,0.0484720243321562,0.7045958043654574,"0.6871,-0.2646,-0.0608,-0.3178,0.153,0.1602,-0.0048","0.272,0.2154,0.2039,0.1179,0.1681,0.2452,0.1649",5/5,5.0,5.0,1.0,10.0,89.0,9915.0,559.0,637.9685282707214,69.234375,67642.0,1.0843200000000002,0.7336996260537882
sciencefiction_linear_T0.3_s3,thelittleredridinghood_sciencefictionrewrite_linear_T0.3_s3,regression,sciencefiction,linear,0.3,3,0,0.6892546203796204,0.5668757902724872,0.6,0.6,1.0,0.0780704413574463,0.9219295586425535,0.3349,279.0,0.1812691300955856,41.0,16.0,0.3118561506271362,0.91195809841156,-0.0482138507068157,2.322077608915349,2.034498009730208,92.0,4384.0,-0.1349,0.1349,False,-0.1891896114720926,Icarus,7.0,3.0,0.2323406331142238,0.0883941405390235,-0.1349035444629589,"0.2414,-0.1995,-0.0325,-0.449,-0.1952,-0.1837,-0.5058","0.1144,0.0251,0.1929,0.1522,0.2546,-0.0143,0.1815",5/5,5.0,5.0,1.0,7.0,42.0,4545.0,273.0,306.2727298736572,82.8125,38964.0,0.6157600000000001,0.7781878589572051
sciencefiction_linear_T0.9_s1,thelittleredridinghood_sciencefictionrewrite_linear_T0.9_s1,regression,sciencefiction,linear,0.9,1,0,0.6864564435564435,0.6397821143386578,0.6,0.6,0.9907869369704584,0.0366650168347295,0.9633349831652704,0.296,191.0,0.1662321771523212,38.0,15.0,0.3064873218536377,0.7845054864883423,-0.0232504438608884,3.1093842329184818,0.1298279779292437,4.0,3001.0,-0.3127,0.3127,False,-0.1593841297427813,Icarus,5.0,2.0,0.3067406291967205,0.067072241650328,-0.3127491349618296,"0.0674,-0.0322,-0.5537,0.2119,-0.4903","0.2405,0.0738,0.1498,0.1148,0.2407",5/5,5.0,5.0,1.0,10.0,30.0,3088.0,188.0,206.55821084976196,83.390625,28138.0,0.44244,0.8128198048549313
sciencefiction_nonlinear_T0.9_s1,thelittleredridinghood_sciencefictionrewrite_nonlinear_T0.9_s1,regression,sciencefiction,nonlinear,0.9,1,0,0.6421550949050949,0.0573023997510586,0.6,0.6,0.0183653848657674,0.0791866707523832,0.9208133292476168,0.3715,833.0,0.1699442292064418,136.0,49.0,0.363443374633789,0.8863388895988464,-0.0621000714600086,2.623734094690963,0.7003838642332817,104.0,14293.0,-0.1829,0.1829,False,-0.1052114574682144,Icarus,6.0,3.0,0.3146247681321707,0.0344349951196292,-0.1830052142049883,"0.3314,-0.3196,0.0719,-0.3265,0.1671,-0.5556","0.2373,0.1939,0.2028,0.1691,0.1698,0.2635",5/5,5.0,5.0,1.0,9.0,91.0,14947.0,814.0,908.312519788742,83.265625,135368.0,2.00638,0.7144754181036481
sciencefiction_linear_T0.3_s1,thelittleredridinghood_sciencefictionrewrite_linear_T0.3_s1,regression,sciencefiction,linear,0.3,1,0,0.6529705849705849,0.5668757902724872,0.6,0.6,0.2557670883449792,0.05737184108381,0.94262815891619,0.4047,532.0,0.1763858545599979,84.0,30.0,0.3840664625167846,0.881350576877594,0.0138501562178134,2.814863811325673,0.2529084471421345,25.0,9546.0,0.0088,0.0088,False,-0.2225368599254618,Oedipus,6.0,4.0,0.3136448562201098,0.0851959848427925,0.0088715490136752,"0.0408,-0.2877,-0.8075,-0.0726,0.1448,-0.3531","0.1147,0.0778,0.0943,0.2326,0.0999,0.3074",5/5,5.0,5.0,1.0,9.0,71.0,9935.0,526.0,574.7911539077759,83.0625,73916.0,1.1171400000000002,0.7448622717899398
sciencefiction_nonlinear_T0.7_s1,thelittleredridinghood_sciencefictionrewrite_nonlinear_T0.7_s1,regression,sciencefiction,nonlinear,0.7,1,0,0.6428270063270063,0.8206709584562817,0.6,0.6,0.0331139459742345,0.091307119372064,0.908692880627936,0.3465,639.0,0.1654754159872792,114.0,44.0,0.3403942286968231,0.8498116731643677,-0.064153254032135,2.1932124682356693,0.8182717381530438,91.0,10723.0,-0.6239,0.6239,False,-0.2731373010259685,Man in a hole,7.0,5.0,0.2832788270901145,0.0184727930111462,-0.6231300652600579,"-0.5812,-0.4548,0.0397,-0.3227,-0.5657,-0.2516,0.2243","0.2101,0.2046,0.1596,0.1631,0.1863,0.1682,0.1771",5/5,5.0,5.0,1.0,8.0,32.0,11152.0,624.0,611.2436699867249,82.78125,91956.0,1.3982199999999991,0.7207951342405465
sciencefiction_linear_T0.7_s1,thelittleredridinghood_sciencefictionrewrite_linear_T0.7_s1,regression,sciencefiction,linear,0.7,1,0,0.6661147314224236,0.7602168782486654,0.6,0.6,0.5442831647827393,0.0713119174449639,0.928688082555036,0.352,431.0,0.1844660749456016,59.0,28.0,0.3215660154819488,1.0,-0.054305650293827,2.4539224772288892,0.1236943375481033,9.0,7054.0,0.3124,0.3124,False,0.0003653511404991,Man in a hole,8.0,3.0,0.2417089672390124,0.0421185751777051,0.3123322055202371,"0.0795,0.027,-0.2051,-0.4138,0.4491,0.0605,-0.1415,0.1472","0.1543,0.1997,0.1478,0.0998,0.1351,0.0777,0.108,0.2018",5/5,5.0,5.0,1.0,9.0,78.0,7312.0,423.0,452.4570610523224,40.0625,55401.0,0.8790499999999997,0.7479328444935648
sciencefiction_nonlinear_T0.3_s1,thelittleredridinghood_sciencefictionrewrite_nonlinear_T0.3_s1,regression,sciencefiction,nonlinear,0.3,1,0,0.6365771894771894,0.5870579247744794,0.6,0.6,0.0,0.0854352570245659,0.914564742975434,0.3831,452.0,0.1815325067384333,70.0,30.0,0.3721640706062317,1.0,0.0028638681396842,2.3940484973262675,0.230722525804493,19.0,7951.0,0.8883,0.8883,False,-0.0579182551020667,Oedipus,7.0,4.0,0.3764113582402169,0.0586141830018946,0.888267063269977,"0.0532,-0.236,-0.048,-0.4394,-0.5076,0.0656,0.7067","0.1257,0.1595,0.1934,0.0905,0.1068,0.2045,0.2707",5/5,5.0,5.0,1.0,10.0,72.0,8263.0,443.0,509.23864698410034,83.4375,70667.0,1.08851,0.7284323189449917
horror_linear_T0.9_s3,thelittleredridinghood_horror-suspenserewrite_linear_T0.9_s3,horror,horror,linear,0.9,3,0,0.6167943979097826,0.1433189608868372,0.6,0.6,0.2099963406526838,0.1778718038796874,0.8221281961203125,0.4252,380.0,0.1628174183856639,52.0,19.0,0.4159671068191528,0.9194753766059875,-0.0402148142457008,2.0242798851781707,0.1235076163030053,9.0,7129.0,0.0818,0.0818,False,0.1021877729644378,Oedipus,8.0,5.0,0.4256936235060962,0.0461618196538004,0.0823937437740056,"0.7177,0.4381,0.1054,-0.5559,-0.3106,0.2532,0.4917,-0.3221","0.306,0.2836,0.2755,0.2451,0.2637,0.1726,0.1747,0.2251",5/5,5.0,5.0,1.0,7.0,73.0,7352.0,376.0,425.6497690677643,69.484375,56117.0,0.9008900000000004,0.6661724984093986
horror_linear_T0.9_s2,thelittleredridinghood_horror-suspenserewrite_linear_T0.9_s2,horror,horror,linear,0.9,2,0,0.6298240687883545,0.1433189608868372,0.6,0.6,0.5707101656451423,0.177227052327989,0.8227729476720109,0.4227,415.0,0.1763366242987141,60.0,22.0,0.3969862908124923,0.93626606464386,-0.0152334198355674,2.224323357863916,0.2640612622128334,20.0,7408.0,0.5683,0.5683,False,-0.0733135131272402,Man in a hole,6.0,2.0,0.2548998588770805,0.0564004038598621,0.5683624531247775,"0.1091,-0.4105,0.0992,-0.0564,-0.4164,0.2351","0.23,0.1659,0.2768,0.1361,0.1103,0.1647",5/5,5.0,5.0,1.0,10.0,65.0,7611.0,409.0,392.37621903419495,70.015625,49027.0,0.7740700000000005,0.6686715551142002
horror_nonlinear_T0.9_s1,thelittleredridinghood_horror-suspenserewrite_nonlinear_T0.9_s1,horror,horror,nonlinear,0.9,1,0,0.6109877430262045,0.4210044999546898,0.6,0.6,0.0492447212920438,0.151498937539081,0.848501062460919,0.4157,365.0,0.170816829453275,53.0,23.0,0.4049697965383529,0.928205907344818,0.0123316328972578,1.897553356866042,0.2055800293685756,14.0,6700.0,-0.2027,0.2027,False,0.0439105382618995,Oedipus,8.0,4.0,0.3415456704454032,0.0604260912189428,-0.202778928800575,"-0.0211,0.4488,-0.2992,0.0694,-0.337,0.7097,-0.1843,-0.0351","0.274,0.2967,0.1882,0.2401,0.1879,0.0879,0.1991,0.2389",5/5,5.0,5.0,1.0,9.0,38.0,6850.0,356.0,389.62668681144714,82.1875,65048.0,1.04494,0.6821985601662776
horror_linear_T0.3_s3,thelittleredridinghood_horror-suspenserewrite_linear_T0.3_s3,horror,horror,linear,0.3,3,0,0.6120989879685532,0.0338021417694732,0.6,0.6,0.0800084617881553,0.1996355637345528,0.8003644362654472,0.4439,628.0,0.1724992982247611,91.0,33.0,0.4199131429195404,0.9423559904098512,-0.007746510207653,2.197009525031475,0.1531640467553406,19.0,12155.0,0.0204,0.0204,True,0.1435632487138112,Tragedy,7.0,1.0,0.1404297253258797,0.0473603123266039,0.0202148899302091,"0.393,0.1827,0.0149,-0.0568,0.2185,0.2018,0.0509","0.2909,0.2253,0.2526,0.27,0.2237,0.1356,0.1995",5/5,5.0,5.0,1.0,10.0,42.0,12488.0,622.0,627.079864025116,75.828125,107068.0,1.6039600000000005,0.6342588364427241
horror_nonlinear_T0.7_s1,thelittleredridinghood_horror-suspenserewrite_nonlinear_T0.7_s1,horror,horror,nonlinear,0.7,1,0,0.6245953661722892,0.902032969358962,0.6,0.6,0.4259585953279859,0.1427612522386831,0.8572387477613168,0.4289,692.0,0.1731940734177065,98.0,26.0,0.4017594456672668,0.8915777206420898,0.0335817784070968,2.2452703111043673,0.2574186628530568,36.0,13660.0,0.7547,0.7547,False,0.1686909107934861,Cinderella,7.0,3.0,0.3318876444995031,0.0472981252594775,0.7545003717570976,"0.2027,-0.1966,-0.0263,0.5867,0.7324,-0.0255,-0.0925","0.2115,0.2164,0.2328,0.263,0.2801,0.1694,0.1331",5/5,5.0,5.0,1.0,8.0,109.0,14056.0,685.0,871.7267220020294,82.140625,135714.0,2.0437399999999992,0.6672392921931329
horror_linear_T0.7_s2,thelittleredridinghood_horror-suspenserewrite_linear_T0.7_s2,horror,horror,linear,0.7,2,0,0.6357834665334665,0.7390737608159912,0.6,0.6,0.7356903232657004,0.0369995196816988,0.9630004803183012,0.404,252.0,0.17643332861338,42.0,19.0,0.3903807997703552,0.8356803059577942,-0.001411261036992,2.134498811404967,0.1865671641791044,8.0,4198.0,0.619,0.619,True,0.151913110982804,Tragedy,7.0,3.0,0.2871271793872136,0.038942547949721,0.6189268777133301,"0.5756,0.4838,-0.2202,0.2969,0.0661,0.0368,-0.1757","0.2408,0.2386,0.1907,0.1567,0.2247,0.1517,0.1459",5/5,5.0,5.0,1.0,8.0,44.0,4347.0,247.0,302.15251088142395,67.578125,33552.0,0.5632599999999999,0.7725459640282164
horror_linear_T0.7_s3,thelittleredridinghood_horror-suspenserewrite_linear_T0.7_s3,horror,horror,linear,0.7,3,0,0.6100341832080963,0.7390737608159912,0.6,0.6,0.0228463408145611,0.1625959784159951,0.8374040215840048,0.4291,637.0,0.1657906675207965,83.0,34.0,0.4096217155456543,0.9038043022155762,-0.0008666943758726,1.8927958444639537,0.1527085677543803,19.0,12110.0,0.5096,0.5096,True,0.2100112419279795,Tragedy,9.0,3.0,0.3106056679902256,0.0569275714839631,0.5095430812114923,"0.1943,0.4635,0.6012,0.5002,-0.0849,0.072,-0.3403,0.521,-0.0369","0.2811,0.2541,0.3418,0.2805,0.2261,0.1658,0.1839,0.1616,0.2167",5/5,5.0,5.0,1.0,9.0,92.0,12505.0,632.0,657.2826249599457,82.765625,87922.0,1.3803400000000006,0.6528533799073633
horror_nonlinear_T0.3_s1,thelittleredridinghood_horror-suspenserewrite_nonlinear_T0.3_s1,horror,horror,nonlinear,0.3,1,0,0.6149819763569764,0.1306067275822552,0.6,0.6,0.1598212044651172,0.1321879152884828,0.8678120847115172,0.4404,656.0,0.1710908930315604,89.0,39.0,0.4243306517601013,0.9323145151138306,-0.0496332384645938,2.179942056886072,0.055353471453424,7.0,12322.0,-0.0851,0.0851,False,0.090246558189392,Rags to riches,8.0,2.0,0.2634935812192585,0.0605993811849593,-0.0849176641090556,"-0.2815,0.1966,0.36,0.3231,-0.0328,-0.2162,-0.0888,0.4615","0.3144,0.2052,0.2574,0.2412,0.2638,0.2139,0.0934,0.1975",5/5,5.0,5.0,1.0,9.0,101.0,12742.0,649.0,688.1721646785736,83.0,93077.0,1.47951,0.6778364819066561
horror_linear_T0.3_s2,thelittleredridinghood_horror-suspenserewrite_linear_T0.3_s2,horror,horror,linear,0.3,2,0,0.6241318681318683,0.0338021417694732,0.6,0.6,0.4131271007649355,0.1461025527744717,0.8538974472255283,0.44,616.0,0.166104821132229,92.0,34.0,0.4241949617862701,0.9353576898574828,-0.0347344279289245,2.2756293108098,0.2280212819863187,27.0,11594.0,0.2379,0.2379,True,0.1411972539292441,Tragedy,8.0,1.0,0.3010301895159354,0.0383382621378434,0.2377935063889422,"0.1569,0.4923,0.4087,-0.0819,0.1066,0.2952,0.2724,-0.5206","0.1965,0.2243,0.118,0.1455,0.2168,0.2056,0.1355,0.1525",5/5,5.0,5.0,1.0,8.0,114.0,11922.0,607.0,522.459764957428,83.1875,85356.0,1.2991600000000012,0.6724266344843228
horror_nonlinear_T0.9_s3,thelittleredridinghood_horror-suspenserewrite_nonlinear_T0.9_s3,horror,horror,nonlinear,0.9,3,0,0.6172654845154845,0.4210044999546898,0.6,0.6,0.2230379172994799,0.1122987012005211,0.8877012987994789,0.436,548.0,0.1852813640945639,77.0,19.0,0.4152202904224396,0.9436815977096558,-0.0209527239203453,2.116006355805206,0.0730660334277102,8.0,10693.0,-0.0789,0.0789,False,0.0316101443916906,Cinderella,8.0,4.0,0.3752287294104757,0.0238515198677149,-0.0779837997535402,"-0.0302,-0.052,0.7848,-0.0887,0.442,-0.0365,-0.4743,-0.2921","0.2018,0.2305,0.2036,0.2681,0.2391,0.2352,0.2294,0.1883",5/5,5.0,5.0,1.0,6.0,25.0,11020.0,546.0,684.369832277298,83.453125,99813.0,1.5516100000000008,0.6885495423239976
horror_linear_T0.9_s1,thelittleredridinghood_horror-suspenserewrite_linear_T0.9_s1,horror,horror,linear,0.9,1,0,0.6063644310235219,0.1433189608868372,0.6,0.6,0.0,0.138213836111886,0.8617861638881139,0.436,590.0,0.1694025882942634,78.0,23.0,0.4169195294380188,0.9635570645332336,0.0253156926482915,2.0515788879074717,0.1108647450110864,13.0,11421.0,0.7041,0.7041,False,0.1865150698593684,Oedipus,7.0,3.0,0.4037797667045738,0.061853167143763,0.7042083629503131,"0.5647,0.4567,0.656,-0.4276,-0.3513,0.0659,0.3411","0.2654,0.2837,0.2573,0.2218,0.1118,0.2374,0.325",5/5,5.0,5.0,1.0,9.0,100.0,11811.0,583.0,581.9776680469513,83.203125,84399.0,1.2869499999999998,0.6598922929930231
horror_nonlinear_T0.9_s2,thelittleredridinghood_horror-suspenserewrite_nonlinear_T0.9_s2,horror,horror,nonlinear,0.9,2,0,0.6430720945720946,0.4210044999546898,0.6,0.6,0.9374689348102596,0.1567707848673858,0.8432292151326142,0.434,313.0,0.1716445319611259,44.0,14.0,0.4246029853820801,0.9024392366409302,0.0377512238919734,2.15822428020309,0.1574059499449079,10.0,6236.0,0.535,0.535,True,0.1197251184420152,Rags to riches,8.0,4.0,0.3617026333882572,0.0644808292731258,0.5351399590158148,"-0.2,-0.2959,0.4567,0.2309,0.0939,-0.3832,0.6997,0.3559","0.2036,0.1081,0.3058,0.256,0.1661,0.1751,0.1745,0.2945",5/5,5.0,5.0,1.0,10.0,53.0,6405.0,310.0,376.21214485168457,80.859375,54577.0,0.88123,0.6965602778016544
horror_nonlinear_T0.3_s3,thelittleredridinghood_horror-suspenserewrite_nonlinear_T0.3_s3,horror,horror,nonlinear,0.3,3,0,0.6346927617836708,0.1306067275822552,0.6,0.6,0.7054952181166316,0.1737294268976121,0.8262705731023878,0.4276,310.0,0.160358503323725,50.0,15.0,0.4184419810771942,0.9006513953208923,0.0454557202756404,2.0807592477878436,0.1160862354892205,7.0,5907.0,0.7416,0.7416,False,0.1341729872756534,Rags to riches,7.0,4.0,0.3432104132381505,0.0530252346548705,0.7415009070328272,"-0.3001,0.5562,-0.1713,0.3691,-0.178,0.5904,0.0729","0.2066,0.3123,0.1462,0.273,0.2048,0.2354,0.1723",5/5,5.0,5.0,1.0,9.0,79.0,6074.0,309.0,404.27926301956177,83.609375,55408.0,0.8762799999999997,0.6808159051203383
horror_nonlinear_T0.7_s2,thelittleredridinghood_horror-suspenserewrite_nonlinear_T0.7_s2,horror,horror,nonlinear,0.7,2,0,0.6581303696303696,0.902032969358962,0.6,0.6,1.0,0.035500757645341,0.9644992423546588,0.4018,219.0,0.1744811492875352,31.0,14.0,0.4035141468048095,0.8130882978439331,-0.0552488267421722,2.06280966408656,0.1262626262626262,5.0,3852.0,0.9067,0.9067,True,0.1029792690277099,Rags to riches,5.0,1.0,0.1952931273752356,0.042882136140822,0.906665472049146,"-0.2494,0.1152,0.0819,0.2651,0.3021","0.13,0.2351,0.1721,0.2308,0.2366",5/5,5.0,5.0,1.0,10.0,41.0,3990.0,217.0,223.6728248596191,79.96875,30173.0,0.5070299999999998,0.7889348647638481
horror_linear_T0.7_s1,thelittleredridinghood_horror-suspenserewrite_linear_T0.7_s1,horror,horror,linear,0.7,1,0,0.6200582584082583,0.7390737608159912,0.6,0.6,0.3003531589958965,0.1645020515309894,0.8354979484690106,0.4297,858.0,0.175812295308166,132.0,40.0,0.4077366292476654,0.9315360188484192,-0.0013000799808651,2.380714341230337,0.2495165616617803,40.0,15692.0,0.4263,0.4263,True,0.2115967604849073,Tragedy,9.0,3.0,0.3098173563908059,0.0545696112239752,0.4265755236304716,"0.1842,0.6857,0.5579,0.2304,-0.0479,-0.3381,0.2267,-0.0695,0.4749","0.2726,0.2585,0.2461,0.1938,0.2244,0.2067,0.1649,0.0803,0.2008",5/5,5.0,5.0,1.0,7.0,34.0,16132.0,854.0,837.3901822566986,69.03125,123629.0,1.852029999999998,0.6464255481197695
horror_nonlinear_T0.7_s3,thelittleredridinghood_horror-suspenserewrite_nonlinear_T0.7_s3,horror,horror,nonlinear,0.7,3,0,0.6129849674135389,0.902032969358962,0.6,0.6,0.1045359450564445,0.1332536717786024,0.8667463282213976,0.4351,589.0,0.1733663224873495,82.0,34.0,0.4220926463603973,0.9310692548751832,-0.0799881815910339,2.4094205744672843,0.1715885487221168,19.0,10774.0,-0.4076,0.4076,True,0.073397192855676,Tragedy,8.0,3.0,0.2685920186826109,0.0586252811826945,-0.4076605828462988,"-0.1841,0.4573,0.3329,0.2558,0.0713,0.1911,-0.1816,-0.3555","0.2806,0.1811,0.0642,0.1941,0.2094,0.1361,0.1981,0.1533",5/5,5.0,5.0,1.0,9.0,31.0,11165.0,583.0,656.1215662956238,82.40625,94645.0,1.4569900000000002,0.6738384388892926
horror_nonlinear_T0.3_s2,thelittleredridinghood_horror-suspenserewrite_nonlinear_T0.3_s2,horror,horror,nonlinear,0.3,2,0,0.6323229847076002,0.1306067275822552,0.6,0.6,0.6398902338115647,0.222001446433167,0.777998553566833,0.4186,368.0,0.1697897798338711,53.0,18.0,0.4014334678649902,0.911390781402588,-0.0218635182827711,2.1207308543665087,0.0979843225083986,7.0,6986.0,0.449,0.449,False,0.347435317875503,Rags to riches,7.0,2.0,0.2517143603048373,0.0455854568645639,0.4491330099107332,"0.3084,0.2826,0.0832,0.7425,0.2411,0.0729,0.7013","0.2819,0.2506,0.3179,0.2835,0.2664,0.1715,0.3129",5/5,5.0,5.0,1.0,8.0,87.0,7214.0,370.0,405.6819062232971,82.265625,59495.0,0.9507899999999998,0.6420788004677904
horror_linear_T0.3_s1,thelittleredridinghood_horror-suspenserewrite_linear_T0.3_s1,horror,horror,linear,0.3,1,0,0.6097109002109002,0.0338021417694732,0.6,0.6,0.0138965639890081,0.173974264115064,0.826025735884936,0.4109,498.0,0.1741815954844424,64.0,23.0,0.3858331739902496,0.9165937900543212,0.0155216306447982,2.0348660062491097,0.1898133502056311,18.0,9262.0,0.1072,0.1072,True,0.0231061175272062,Tragedy,7.0,3.0,0.346356704769484,0.0569320110091942,0.1069382407044891,"0.2359,0.1159,-0.6062,0.099,0.5974,-0.1622,-0.118","0.2421,0.2888,0.1334,0.2391,0.1203,0.2222,0.1818",5/5,5.0,5.0,1.0,9.0,74.0,9536.0,492.0,400.56578516960144,89.390625,66416.0,1.0242800000000003,0.6560965789527994
romantic_linear_T0.9_s2,thelittleredridinghood_romanticrewrite_linear_T0.9_s2,romantic,romantic,linear,0.9,2,0,0.6178798487227058,0.9020706239881152,0.6,0.6,0.3206971982886841,0.1099602767893411,0.8900397232106588,0.4213,943.0,0.1711251926004834,127.0,44.0,0.403350755572319,0.9367284178733826,-0.1054274886846542,1.9366192110806888,0.194784114273347,36.0,18027.0,-0.0672,0.0672,True,0.5724745978911718,Rags to riches,8.0,7.0,0.3182925420800022,0.0469540583309898,-0.0673560391329148,"0.2012,0.7052,0.9957,0.5896,0.7055,-0.0549,0.6149,0.8225","0.3237,0.2609,0.2835,0.2047,0.2181,0.277,0.2462,0.3532",5/5,5.0,5.0,1.0,9.0,122.0,18565.0,935.0,1015.9570498466492,80.84375,149428.0,2.219079999999999,0.6728918028780311
romantic_nonlinear_T0.3_s1,thelittleredridinghood_romanticrewrite_nonlinear_T0.3_s1,romantic,romantic,nonlinear,0.3,1,0,0.6173942557442558,0.7980171436990946,0.6,0.6,0.3067817630886356,0.1378835267389254,0.8621164732610745,0.4329,565.0,0.1878784009599257,75.0,27.0,0.3998418152332306,0.951370894908905,0.0006762780249118,2.062261098662433,0.1303052866716307,14.0,10449.0,-0.3909,0.3909,True,0.5497843596842383,Tragedy,7.0,3.0,0.185175667286774,0.0527255891868648,-0.3909885392674042,"0.4879,0.8701,0.3857,0.7596,0.3258,0.5777,0.4416","0.2239,0.2073,0.3437,0.2356,0.2172,0.1587,0.2598",5/5,5.0,5.0,1.0,9.0,112.0,10793.0,559.0,724.0115520954132,34.859375,98973.0,1.54991,0.6751311301142557
romantic_nonlinear_T0.7_s1,thelittleredridinghood_romanticrewrite_nonlinear_T0.7_s1,romantic,romantic,nonlinear,0.7,1,0,0.6242636807636808,0.5651799126322521,0.6,0.6,0.5036360072016985,0.1643826557276776,0.8356173442723224,0.4371,475.0,0.1709386047256768,75.0,20.0,0.4234871417284012,0.9915152788162231,0.0053735859692096,1.956100138856733,0.157612693075549,15.0,9251.0,0.9356,0.9356,False,0.3356737852096557,Oedipus,5.0,3.0,0.3769012528501331,0.0480534452458926,0.9356563999590998,"0.4847,0.7043,-0.1613,-0.0652,0.7158","0.2816,0.2806,0.2099,0.2077,0.3338",5/5,5.0,5.0,1.0,8.0,55.0,9562.0,469.0,500.0854799747467,79.625,68110.0,1.05152,0.6690123266132729
romantic_linear_T0.9_s3,thelittleredridinghood_romanticrewrite_linear_T0.9_s3,romantic,romantic,linear,0.9,3,0,0.6563743756243756,0.9020706239881152,0.6,0.6,1.0,0.0902982333314669,0.9097017666685332,0.3986,296.0,0.171378232199008,38.0,16.0,0.3697523474693298,0.9005451202392578,0.051467977464199,2.235748801763281,0.2805540943363142,16.0,5610.0,0.5597,0.5597,True,0.5643390549553765,Tragedy,6.0,3.0,0.1994422758316022,0.040527908765305,0.5593330507306727,"0.3288,0.8628,0.4451,0.6788,0.7156,0.3548","0.2854,0.2885,0.2119,0.2816,0.2609,0.1824",5/5,5.0,5.0,1.0,9.0,35.0,5740.0,292.0,3725.8516159057617,32.671875,64802.0,0.9988400000000004,0.7405824274945456
romantic_linear_T0.7_s3,thelittleredridinghood_romanticrewrite_linear_T0.7_s3,romantic,romantic,linear,0.7,3,0,0.6292159840159841,0.1141596173362987,0.6,0.6,0.6455520934234881,0.2590716247851012,0.7409283752148987,0.4289,564.0,0.1930666693074946,72.0,22.0,0.3897659182548523,0.9525166749954224,-0.0559372901916503,2.1742286607955355,0.1089720305121685,12.0,10764.0,0.6832,0.6832,True,0.4387894164948236,Tragedy,7.0,4.0,0.3529840928369412,0.0612708606708518,0.6830570413868853,"0.5869,0.2034,0.7293,0.8266,-0.2988,0.4607,0.5634","0.2748,0.2604,0.2967,0.2378,0.1351,0.1887,0.3298",5/5,5.0,5.0,1.0,9.0,105.0,11082.0,561.0,595.255133152008,33.0,86234.0,1.2810600000000003,0.5988387855439898
romantic_nonlinear_T0.9_s1,thelittleredridinghood_romanticrewrite_nonlinear_T0.9_s1,romantic,romantic,nonlinear,0.9,1,0,0.6031665001665001,0.6483726754994226,0.6,0.6,0.0,0.1529286354324846,0.8470713645675154,0.4237,910.0,0.1610819889402127,128.0,38.0,0.4070631861686706,0.9360053539276124,-0.0035256100818514,2.0884557623682465,0.3138373751783166,55.0,16936.0,0.572,0.572,True,0.2787198391225603,Rags to riches,6.0,4.0,0.3598330465492141,0.0466878880320034,0.5721831895495862,"0.3567,-0.1721,0.2377,-0.1655,0.7221,0.6934","0.1289,0.2057,0.1985,0.1602,0.266,0.2453",5/5,5.0,5.0,1.0,9.0,55.0,17607.0,901.0,888.557980298996,37.203125,137345.0,2.034829999999999,0.6469392815552004
romantic_linear_T0.3_s2,thelittleredridinghood_romanticrewrite_linear_T0.3_s2,romantic,romantic,linear,0.3,2,0,0.6143471265576529,0.4438205707675165,0.6,0.6,0.2194614544678463,0.1541448762309334,0.8458551237690666,0.4331,540.0,0.1703912303337172,82.0,27.0,0.4125440716743469,0.914890468120575,0.0325808152556419,1.8575056594936108,0.336367233874159,34.0,9897.0,-0.12,0.12,True,0.4728241852351598,Tragedy,7.0,4.0,0.2751450096340666,0.0678606976512494,-0.1199079795504111,"0.077,0.8505,0.723,0.5549,0.4842,0.5427,0.0775","0.3196,0.2609,0.2715,0.096,0.2095,0.1751,0.1976",5/5,5.0,5.0,1.0,9.0,89.0,10170.0,536.0,714.73823595047,39.65625,104846.0,1.5879200000000004,0.6687649255276981
romantic_linear_T0.3_s3,thelittleredridinghood_romanticrewrite_linear_T0.3_s3,romantic,romantic,linear,0.3,3,0,0.6181164549735978,0.4438205707675165,0.6,0.6,0.3274775248138376,0.1796190262448141,0.8203809737551859,0.4248,709.0,0.1514648493664314,102.0,29.0,0.4098483026027679,0.9492470026016236,0.0338917635381221,2.0541718873387356,0.1009489198465576,15.0,14427.0,0.4148,0.4148,True,0.4803175420988173,Tragedy,7.0,1.0,0.1163430886890763,0.0487880756592285,0.4143272237996618,"0.5707,0.3461,0.441,0.7146,0.4186,0.482,0.3891","0.3104,0.2662,0.2519,0.2956,0.1511,0.252,0.2888",5/5,5.0,5.0,1.0,8.0,81.0,14927.0,705.0,1006.7686347961426,34.734375,122203.0,1.8077099999999997,0.6366831017423611
romantic_linear_T0.7_s2,thelittleredridinghood_romanticrewrite_linear_T0.7_s2,romantic,romantic,linear,0.7,2,0,0.610812581358036,0.1141596173362987,0.6,0.6,0.1181734687068069,0.1842436790952982,0.8157563209047017,0.4201,911.0,0.1772511888307978,129.0,40.0,0.3908853679895401,0.9455052614212036,-0.0209209714084863,2.3411144402544335,0.1693193362682018,30.0,17268.0,0.2993,0.2993,False,0.3178999094736008,Rags to riches,7.0,2.0,0.2746083288717119,0.0506086344169749,0.2992853798259637,"0.3696,0.0585,0.7811,-0.0673,0.2665,0.2136,0.6033","0.3373,0.2619,0.2751,0.1886,0.1944,0.2169,0.2013",5/5,5.0,5.0,1.0,9.0,42.0,17829.0,904.0,1261.1794409751892,32.625,127898.0,1.939840000000001,0.6254487452677434
romantic_nonlinear_T0.7_s3,thelittleredridinghood_romanticrewrite_nonlinear_T0.7_s3,romantic,romantic,nonlinear,0.7,3,0,0.6341015708429503,0.5651799126322521,0.6,0.6,0.7855563149051373,0.1317577160696513,0.8682422839303486,0.4278,842.0,0.1777728985987297,116.0,39.0,0.4137934446334839,0.942211389541626,-0.0255412794649601,1.9666523362257775,0.1341595860218488,21.0,15189.0,-0.06,0.06,False,0.4323997954527537,Tragedy,8.0,4.0,0.2832078187369656,0.0683562165698921,-0.0599724873263194,"0.4798,0.8151,0.7086,0.7025,-0.0708,0.3304,0.3218,0.1719","0.2053,0.2205,0.3075,0.3424,0.3228,0.2116,0.1385,0.3127",5/5,5.0,5.0,1.0,8.0,99.0,15721.0,837.0,874.7633640766144,33.078125,115128.0,1.7958,0.6707967342674366
romantic_linear_T0.9_s1,thelittleredridinghood_romanticrewrite_linear_T0.9_s1,romantic,romantic,linear,0.9,1,0,0.6278376623376624,0.9020706239881152,0.6,0.6,0.6060541046742947,0.1690157848435674,0.8309842151564326,0.4232,515.0,0.1798291937197715,75.0,24.0,0.3981180042028427,0.9571070671081544,0.0582449696958065,2.211984200817494,0.2585711549511588,27.0,10241.0,0.3651,0.3651,False,0.3828808387120564,Rags to riches,7.0,3.0,0.4126643212598059,0.0350465579549518,0.3649294873429114,"0.4727,0.3263,0.4832,-0.5597,0.6055,0.5017,0.8504","0.3355,0.2374,0.2602,0.2349,0.2706,0.3107,0.2532",5/5,5.0,5.0,1.0,8.0,82.0,10486.0,514.0,587.8786497116089,31.921875,75808.0,1.2164800000000004,0.663317842747506
romantic_nonlinear_T0.3_s2,thelittleredridinghood_romanticrewrite_nonlinear_T0.3_s2,romantic,romantic,nonlinear,0.3,2,0,0.6389748712825636,0.7980171436990946,0.6,0.6,0.9252084505152056,0.1128619443960185,0.8871380556039815,0.4167,344.0,0.1804978548083089,53.0,21.0,0.4084524512290954,0.8995384573936462,-0.0229723528027534,2.244212835287214,0.2185951617604197,15.0,6679.0,0.6866,0.6866,True,0.3394847543466658,Tragedy,7.0,2.0,0.2208219580178954,0.050604742860724,0.6866919544629554,"0.6019,0.0616,0.4615,0.6094,0.4008,0.1838,0.0575","0.2892,0.2303,0.289,0.2452,0.2237,0.2418,0.1265",5/5,5.0,5.0,1.0,10.0,66.0,6883.0,339.0,543.3690297603607,74.234375,88413.0,1.3496299999999994,0.7177169011537774
romantic_nonlinear_T0.3_s3,thelittleredridinghood_romanticrewrite_nonlinear_T0.3_s3,romantic,romantic,nonlinear,0.3,3,0,0.6150223318348318,0.7980171436990946,0.6,0.6,0.2388105301305616,0.1508647426588834,0.8491352573411166,0.43,628.0,0.1769147359949469,95.0,26.0,0.4079886078834533,0.9313093423843384,0.0145023483783006,2.1380470948869497,0.1003086419753086,13.0,12627.0,-0.2159,0.2159,False,0.55326831854052,Tragedy,6.0,3.0,0.2226818913208306,0.0388499964249962,-0.2163381720080694,"0.4222,0.8529,0.7664,0.6001,0.1791,0.499","0.2602,0.2898,0.3246,0.2945,0.3373,0.3814",5/5,5.0,5.0,1.0,7.0,24.0,13028.0,629.0,681.8589870929718,31.78125,102936.0,1.5490400000000009,0.6603408182289572
romantic_nonlinear_T0.7_s2,thelittleredridinghood_romanticrewrite_nonlinear_T0.7_s2,romantic,romantic,nonlinear,0.7,2,0,0.6378182442557443,0.5651799126322521,0.6,0.6,0.8920634728145379,0.1792413608718214,0.8207586391281785,0.4386,473.0,0.1728388565339114,65.0,17.0,0.4275132566690445,0.927095890045166,-0.0603022836148738,2.211808195409589,0.3072021845488679,27.0,8571.0,0.5018,0.5018,True,0.2742306159602271,Rags to riches,6.0,1.0,0.2819395069080521,0.0543290182335574,0.501565277882448,"0.2004,0.335,-0.0372,0.2322,0.846,0.069","0.1927,0.2934,0.1854,0.1333,0.2705,0.2379",5/5,5.0,5.0,1.0,8.0,64.0,8823.0,467.0,589.5841648578644,33.84375,81348.0,1.2803399999999987,0.6670384490571716
romantic_nonlinear_T0.9_s2,thelittleredridinghood_romanticrewrite_nonlinear_T0.9_s2,romantic,romantic,nonlinear,0.9,2,0,0.6363408535908537,0.6483726754994226,0.6,0.6,0.8497265054884021,0.1071910569522202,0.8928089430477797,0.4318,509.0,0.1705578656819991,66.0,23.0,0.4061271548271179,0.9415180683135986,-0.0686831325292587,2.1596792981124935,0.1243265644426025,12.0,9437.0,0.7123,0.7123,True,0.4391595972908867,Tragedy,6.0,1.0,0.1820401855818288,0.0609353391354766,0.7124064112414374,"0.4427,0.5504,0.6858,0.4786,0.0909,0.3865","0.1828,0.259,0.3286,0.236,0.1866,0.141",5/5,5.0,5.0,1.0,10.0,102.0,9725.0,507.0,517.9572970867157,39.953125,72891.0,1.1160500000000004,0.7067910959720995
romantic_linear_T0.3_s1,thelittleredridinghood_romanticrewrite_linear_T0.3_s1,romantic,romantic,linear,0.3,1,0,0.6139569030969032,0.4438205707675165,0.6,0.6,0.208278983710273,0.160900816941394,0.8390991830586059,0.4086,690.0,0.1531439143003904,102.0,36.0,0.3907057642936706,0.8936865925788879,0.0166116785258054,1.9272096581743696,0.0895054822107854,12.0,13028.0,0.2856,0.2856,False,0.4731116538246473,Oedipus,6.0,3.0,0.330090159400933,0.056984922469798,0.2860051547063789,"0.719,0.5879,0.0102,0.1988,0.3299,0.9928","0.3397,0.1899,0.2213,0.1683,0.187,0.1969",5/5,5.0,5.0,1.0,9.0,49.0,13463.0,685.0,667.0837550163269,80.328125,107617.0,1.563649999999999,0.652100672940968
romantic_linear_T0.7_s1,thelittleredridinghood_romanticrewrite_linear_T0.7_s1,romantic,romantic,linear,0.7,1,0,0.6236970075379167,0.1141596173362987,0.6,0.6,0.4873970892134447,0.2386464285376583,0.7613535714623416,0.4162,586.0,0.1532976189652833,80.0,27.0,0.400249183177948,0.8635977506637573,-0.0017819833010435,2.4790591604833243,0.0434858236214993,5.0,11219.0,0.4656,0.4656,False,0.1446471770604451,Rags to riches,7.0,3.0,0.3063425387052998,0.0501605056446863,0.4655072870130309,"-0.2555,0.6285,0.2061,0.223,-0.322,0.3184,0.2141","0.2405,0.2762,0.2202,0.2667,0.1342,0.1522,0.2078",5/5,5.0,5.0,1.0,8.0,26.0,11550.0,578.0,683.5122630596161,32.921875,79741.0,1.2290299999999996,0.6109998509068906
romantic_nonlinear_T0.9_s3,thelittleredridinghood_romanticrewrite_nonlinear_T0.9_s3,romantic,romantic,nonlinear,0.9,3,0,0.6073103827990192,0.6483726754994226,0.6,0.6,0.0178124271175043,0.1706553700664405,0.8293446299335594,0.4191,1165.0,0.1728980200254001,168.0,56.0,0.3966158926486969,0.957123637199402,-0.0064620655030012,1.9103913677954631,0.0690935786155374,16.0,22461.0,0.4573,0.4573,True,0.5164335360129674,Tragedy,8.0,3.0,0.2128500231236774,0.0637652812567309,0.4569674873994267,"0.7312,0.888,0.2113,0.4627,0.3204,0.3915,0.6724,0.454","0.3232,0.2767,0.2765,0.3153,0.2281,0.1388,0.3513,0.2246",5/5,5.0,5.0,1.0,10.0,62.0,23290.0,1154.0,1189.8648371696472,39.3125,175178.0,2.6020199999999996,0.6267366219409751
simple_baseline_s3_Tbaseline_sbaseline,simple_baseline_s3,simple_baseline_analysis,baseline,baseline,0.7,3,1,0.7069578421578422,0.6586365923492313,0.6,0.6,1.0,,,0.2606539082874481,400.0,0.1270874191518084,59.0,30.0,0.2500121891498565,0.9516079425811768,-0.0219111405313015,3.8519177203444985,0.0,0.0,3136.0,0.2131,0.4783,False,-0.1846857420643214,Icarus,24.0,0.0,0.4538253951760011,0.0679394290992867,0.2131,"0.0158,0.0027,-0.421,0.0854,-0.0412,0.0839,0.0534,0.3843,0.1719,-0.0011,0.4674,-0.2193,-0.9614,-0.6,-0.2699,-0.8656,-0.9883,-0.9529,0.146,-0.9926,0.0782,0.2816,0.1823,-0.0719","0.3544,0.2916,0.3064,0.3156,0.3693,0.2919,0.1825,0.2029,0.2771,0.3342,0.3051,0.2546,0.3691,0.2173,0.2046,0.1738,0.2979,0.2975,0.2302,0.2156,0.3806,0.4526,0.3113,0.2832",5/5,5.0,5.0,1.0,9.0,24.0,3152.0,385.0,65.0,71.17000000000002,4076.0,0.0627703999999999,0.7069578421578422
simple_baseline_s1_Tbaseline_sbaseline,simple_baseline_s1,simple_baseline_analysis,baseline,baseline,0.7,1,1,0.6598736263736263,0.6598736263736263,0.6,0.6,0.6598736263736263,,,0.2340369023681294,369.0,0.1163314657987968,48.0,22.0,0.2206367179751396,0.6327840089797974,-0.0549778118729591,2.321079077069624,6.79,178.0,2622.0,0.7462,0.5556,True,0.144119556248188,Rags to riches,10.0,0.0,0.4063804763679561,0.0562702129460323,0.7462,"-0.1896,-0.1885,-0.4871,0.5958,0.3798,0.0439,0.3105,-0.3143,0.5418,0.7488","0.2481,0.2892,0.1824,0.3085,0.3223,0.2644,0.2173,0.2301,0.3814,0.3202",5/5,5.0,5.0,1.0,9.0,34.0,2622.0,370.0,55.0,64.7,3408.0,0.0524832,0.6598736263736263
simple_baseline_s2_Tbaseline_sbaseline,simple_baseline_s2,simple_baseline_analysis,baseline,baseline,0.7,2,1,0.6567763902763903,0.6567763902763903,0.6,0.6,0.6567763902763903,,,0.2811895630962356,180.0,0.1228349528409947,29.0,10.0,0.2741487920284271,0.5814635753631592,-0.0239413902163505,1.793993715077782,5.09,104.0,2043.0,0.7702,0.8571,True,0.5481917875508467,Tragedy,8.0,0.0,0.2859509019106948,0.0724057909169355,0.7702,"0.4692,0.7282,0.4128,0.7072,0.3059,0.984,0.0199,0.7584","0.4055,0.3713,0.2749,0.3512,0.2879,0.3935,0.1712,0.2992",5/5,5.0,5.0,1.0,10.0,24.0,2043.0,187.0,50.0,58.23,2655.0,0.040887,0.6567763902763903